Numéro;Texte;Date de dépôt;Sort;Référence AN
1;712 (2025-2026);2026-09-17;Non encore examiné;DLR5L17N52110
2;712 (2025-2026);2026-09-19;Non encore examiné;DLR5L17N52110
3;712 (2025-2026);2026-09-23;Non encore examiné;DLR5L17N52110
4;712 (2025-2026);2026-09-16;Non encore examiné;DLR5L17N52110
5;712 (2025-2026);2026-09-27;Non encore examiné;DLR5L17N52110
6;712 (2025-2026);2026-09-21;Non encore examiné;DLR5L17N52110
7;712 (2025-2026);2026-09-29;Non encore examiné;DLR5L17N52110
8;712 (2025-2026);2026-09-20;Non encore examiné;DLR5L17N52110
9;712 (2025-2026);2026-09-21;Non encore examiné;DLR5L17N52110
10;712 (2025-2026);2026-09-28;Non encore examiné;DLR5L17N52110
11;712 (2025-2026);2026-09-15;Non encore examiné;DLR5L17N52110
12;712 (2025-2026);2026-09-16;Non encore examiné;DLR5L17N52110
13;712 (2025-2026);2026-09-25;Non encore examiné;DLR5L17N52110
14;712 (2025-2026);2026-09-27;Non encore examiné;DLR5L17N52110
15;712 (2025-2026);2026-09-22;Non encore examiné;DLR5L17N52110
16;712 (2025-2026);2026-09-22;Non encore examiné;DLR5L17N52110
17;712 (2025-2026);2026-09-15;Non encore examiné;DLR5L17N52110
18;712 (2025-2026);2026-09-16;Non encore examiné;DLR5L17N52110
19;712 (2025-2026);2026-09-24;Non encore examiné;DLR5L17N52110
20;712 (2025-2026);2026-09-29;Non encore examiné;DLR5L17N52110
21;712 (2025-2026);2026-09-25;Non encore examiné;DLR5L17N52110
22;712 (2025-2026);2026-09-19;Non encore examiné;DLR5L17N52110
23;712 (2025-2026);2026-09-20;Non encore examiné;DLR5L17N52110
24;712 (2025-2026);2026-09-27;Non encore examiné;DLR5L17N52110
25;712 (2025-2026);2026-09-26;Non encore examiné;DLR5L17N52110
26;712 (2025-2026);2026-09-18;Non encore examiné;DLR5L17N52110
27;712 (2025-2026);2026-09-27;Non encore examiné;DLR5L17N52110
28;712 (2025-2026);2026-09-21;Non encore examiné;DLR5L17N52110
29;712 (2025-2026);2026-09-19;Non encore examiné;DLR5L17N52110
30;712 (2025-2026);2026-09-16;Non encore examiné;DLR5L17N52110
31;712 (2025-2026);2026-09-23;Non encore examiné;DLR5L17N52110
32;712 (2025-2026);2026-09-23;Non encore examiné;DLR5L17N52110
33;712 (2025-2026);2026-09-27;Non encore examiné;DLR5L17N52110
34;712 (2025-2026);2026-09-25;Non encore examiné;DLR5L17N52110
35;712 (2025-2026);2026-09-27;Non encore examiné;DLR5L17N52110
36;712 (2025-2026);2026-09-23;Non encore examiné;DLR5L17N52110
37;712 (2025-2026);2026-09-21;Non encore examiné;DLR5L17N52110
38;712 (2025-2026);2026-09-16;Non encore examiné;DLR5L17N52110
39;712 (2025-2026);2026-09-19;Non encore examiné;DLR5L17N52110
40;712 (2025-2026);2026-09-18;Non encore examiné;DLR5L17N52110
41;712 (2025-2026);2026-09-17;Non encore examiné;DLR5L17N52110
42;712 (2025-2026);2026-09-25;Non encore examiné;DLR5L17N52110
43;712 (2025-2026);2026-09-22;Non encore examiné;DLR5L17N52110
44;712 (2025-2026);2026-09-23;Non encore examiné;DLR5L17N52110
45;712 (2025-2026);2026-09-20;Non encore examiné;DLR5L17N52110
46;712 (2025-2026);2026-09-22;Non encore examiné;DLR5L17N52110
47;712 (2025-2026);2026-09-25;Non encore examiné;DLR5L17N52110
48;712 (2025-2026);2026-09-25;Non encore examiné;DLR5L17N52110
49;712 (2025-2026);2026-09-27;Non encore examiné;DLR5L17N52110
50;712 (2025-2026);2026-09-21;Non encore examiné;DLR5L17N52110
51;712 (2025-2026);2026-09-29;Non encore examiné;DLR5L17N52110
52;712 (2025-2026);2026-09-16;Non encore examiné;DLR5L17N52110
53;712 (2025-2026);2026-09-15;Non encore examiné;DLR5L17N52110
54;712 (2025-2026);2026-09-20;Non encore examiné;DLR5L17N52110
55;712 (2025-2026);2026-09-16;Non encore examiné;DLR5L17N52110
56;712 (2025-2026);2026-09-29;Non encore examiné;DLR5L17N52110
57;712 (2025-2026);2026-09-22;Non encore examiné;DLR5L17N52110
58;712 (2025-2026);2026-09-25;Non encore examiné;DLR5L17N52110
59;712 (2025-2026);2026-09-25;Non encore examiné;DLR5L17N52110
60;712 (2025-2026);2026-09-16;Non encore examiné;DLR5L17N52110
61;712 (2025-2026);2026-09-17;Non encore examiné;DLR5L17N52110
62;712 (2025-2026);2026-09-15;Non encore examiné;DLR5L17N52110
63;712 (2025-2026);2026-09-22;Non encore examiné;DLR5L17N52110
64;712 (2025-2026);2026-09-17;Non encore examiné;DLR5L17N52110
65;712 (2025-2026);2026-09-18;Non encore examiné;DLR5L17N52110
66;712 (2025-2026);2026-09-20;Non encore examiné;DLR5L17N52110
67;712 (2025-2026);2026-09-28;Non encore examiné;DLR5L17N52110
68;712 (2025-2026);2026-09-23;Non encore examiné;DLR5L17N52110
69;712 (2025-2026);2026-09-15;Non encore examiné;DLR5L17N52110
70;712 (2025-2026);2026-09-20;Non encore examiné;DLR5L17N52110
71;712 (2025-2026);2026-09-25;Non encore examiné;DLR5L17N52110
72;712 (2025-2026);2026-09-18;Non encore examiné;DLR5L17N52110
73;712 (2025-2026);2026-09-24;Non encore examiné;DLR5L17N52110
74;712 (2025-2026);2026-09-19;Non encore examiné;DLR5L17N52110
75;712 (2025-2026);2026-09-20;Non encore examiné;DLR5L17N52110
76;712 (2025-2026);2026-09-24;Non encore examiné;DLR5L17N52110
77;712 (2025-2026);2026-09-26;Non encore examiné;DLR5L17N52110
78;712 (2025-2026);2026-09-25;Non encore examiné;DLR5L17N52110
79;712 (2025-2026);2026-09-19;Non encore examiné;DLR5L17N52110
80;712 (2025-2026);2026-09-29;Non encore examiné;DLR5L17N52110
81;712 (2025-2026);2026-09-22;Non encore examiné;DLR5L17N52110
82;712 (2025-2026);2026-09-28;Non encore examiné;DLR5L17N52110
83;712 (2025-2026);2026-09-29;Non encore examiné;DLR5L17N52110
84;712 (2025-2026);2026-09-27;Non encore examiné;DLR5L17N52110
85;712 (2025-2026);2026-09-26;Non encore examiné;DLR5L17N52110
86;712 (2025-2026);2026-09-26;Non encore examiné;DLR5L17N52110
87;712 (2025-2026);2026-09-23;Non encore examiné;DLR5L17N52110
88;712 (2025-2026);2026-09-16;Non encore examiné;DLR5L17N52110
89;712 (2025-2026);2026-09-17;Non encore examiné;DLR5L17N52110
90;712 (2025-2026);2026-09-20;Non encore examiné;DLR5L17N52110
91;712 (2025-2026);2026-09-29;Non encore examiné;DLR5L17N52110
92;712 (2025-2026);2026-09-26;Non encore examiné;DLR5L17N52110
93;712 (2025-2026);2026-09-16;Non encore examiné;DLR5L17N52110
94;712 (2025-2026);2026-09-16;Non encore examiné;DLR5L17N52110
95;712 (2025-2026);2026-09-22;Non encore examiné;DLR5L17N52110
96;712 (2025-2026);2026-09-18;Non encore examiné;DLR5L17N52110
97;712 (2025-2026);2026-09-15;Non encore examiné;DLR5L17N52110
98;712 (2025-2026);2026-09-27;Non encore examiné;DLR5L17N52110
99;712 (2025-2026);2026-09-18;Non encore examiné;DLR5L17N52110
100;712 (2025-2026);2026-09-23;Non encore examiné;DLR5L17N52110
101;712 (2025-2026);2026-09-20;Non encore examiné;DLR5L17N52110
102;712 (2025-2026);2026-09-21;Non encore examiné;DLR5L17N52110
103;712 (2025-2026);2026-09-21;Non encore examiné;DLR5L17N52110
104;712 (2025-2026);2026-09-26;Non encore examiné;DLR5L17N52110
105;712 (2025-2026);2026-09-26;Non encore examiné;DLR5L17N52110
106;712 (2025-2026);2026-09-19;Non encore examiné;DLR5L17N52110
107;712 (2025-2026);2026-09-25;Non encore examiné;DLR5L17N52110
108;712 (2025-2026);2026-09-19;Non encore examiné;DLR5L17N52110
109;712 (2025-2026);2026-09-21;Non encore examiné;DLR5L17N52110
110;712 (2025-2026);2026-09-26;Non encore examiné;DLR5L17N52110
111;712 (2025-2026);2026-09-19;Non encore examiné;DLR5L17N52110
112;712 (2025-2026);2026-09-16;Non encore examiné;DLR5L17N52110
113;712 (2025-2026);2026-09-16;Non encore examiné;DLR5L17N52110
114;712 (2025-2026);2026-09-23;Non encore examiné;DLR5L17N52110
115;712 (2025-2026);2026-09-28;Non encore examiné;DLR5L17N52110
116;712 (2025-2026);2026-09-25;Non encore examiné;DLR5L17N52110
117;712 (2025-2026);2026-09-23;Non encore examiné;DLR5L17N52110
118;712 (2025-2026);2026-09-24;Non encore examiné;DLR5L17N52110
119;712 (2025-2026);2026-09-16;Non encore examiné;DLR5L17N52110
120;712 (2025-2026);2026-09-25;Non encore examiné;DLR5L17N52110
121;712 (2025-2026);2026-09-24;Non encore examiné;DLR5L17N52110
122;712 (2025-2026);2026-09-15;Non encore examiné;DLR5L17N52110
123;712 (2025-2026);2026-09-25;Non encore examiné;DLR5L17N52110
124;712 (2025-2026);2026-09-16;Non encore examiné;DLR5L17N52110
125;712 (2025-2026);2026-09-17;Non encore examiné;DLR5L17N52110
126;712 (2025-2026);2026-09-28;Non encore examiné;DLR5L17N52110
127;712 (2025-2026);2026-09-19;Non encore examiné;DLR5L17N52110
128;712 (2025-2026);2026-09-16;Non encore examiné;DLR5L17N52110
129;712 (2025-2026);2026-09-18;Non encore examiné;DLR5L17N52110
130;712 (2025-2026);2026-09-22;Non encore examiné;DLR5L17N52110
131;712 (2025-2026);2026-09-25;Non encore examiné;DLR5L17N52110
132;712 (2025-2026);2026-09-28;Non encore examiné;DLR5L17N52110
133;712 (2025-2026);2026-09-19;Non encore examiné;DLR5L17N52110
134;712 (2025-2026);2026-09-23;Non encore examiné;DLR5L17N52110
135;712 (2025-2026);2026-09-27;Non encore examiné;DLR5L17N52110
136;712 (2025-2026);2026-09-26;Non encore examiné;DLR5L17N52110
137;712 (2025-2026);2026-09-19;Non encore examiné;DLR5L17N52110
138;712 (2025-2026);2026-09-22;Non encore examiné;DLR5L17N52110
139;712 (2025-2026);2026-09-20;Non encore examiné;DLR5L17N52110
140;712 (2025-2026);2026-09-20;Non encore examiné;DLR5L17N52110
141;712 (2025-2026);2026-09-15;Non encore examiné;DLR5L17N52110
142;712 (2025-2026);2026-09-18;Non encore examiné;DLR5L17N52110
143;712 (2025-2026);2026-09-16;Non encore examiné;DLR5L17N52110
144;712 (2025-2026);2026-09-21;Non encore examiné;DLR5L17N52110
145;712 (2025-2026);2026-09-28;Non encore examiné;DLR5L17N52110
146;712 (2025-2026);2026-09-25;Non encore examiné;DLR5L17N52110
147;712 (2025-2026);2026-09-25;Non encore examiné;DLR5L17N52110
148;712 (2025-2026);2026-09-15;Non encore examiné;DLR5L17N52110
149;712 (2025-2026);2026-09-26;Non encore examiné;DLR5L17N52110
150;712 (2025-2026);2026-09-19;Non encore examiné;DLR5L17N52110
151;712 (2025-2026);2026-09-23;Non encore examiné;DLR5L17N52110
152;712 (2025-2026);2026-09-15;Non encore examiné;DLR5L17N52110
153;712 (2025-2026);2026-09-19;Non encore examiné;DLR5L17N52110
154;712 (2025-2026);2026-09-26;Non encore examiné;DLR5L17N52110
155;712 (2025-2026);2026-09-21;Non encore examiné;DLR5L17N52110
156;712 (2025-2026);2026-09-22;Non encore examiné;DLR5L17N52110
157;712 (2025-2026);2026-09-22;Non encore examiné;DLR5L17N52110
158;712 (2025-2026);2026-09-21;Non encore examiné;DLR5L17N52110
159;712 (2025-2026);2026-09-27;Non encore examiné;DLR5L17N52110
160;712 (2025-2026);2026-09-15;Non encore examiné;DLR5L17N52110
161;712 (2025-2026);2026-09-24;Non encore examiné;DLR5L17N52110
162;712 (2025-2026);2026-09-28;Non encore examiné;DLR5L17N52110
163;712 (2025-2026);2026-09-17;Non encore examiné;DLR5L17N52110
164;712 (2025-2026);2026-09-26;Non encore examiné;DLR5L17N52110
165;712 (2025-2026);2026-09-29;Non encore examiné;DLR5L17N52110
166;712 (2025-2026);2026-09-15;Non encore examiné;DLR5L17N52110
167;712 (2025-2026);2026-09-16;Non encore examiné;DLR5L17N52110
168;712 (2025-2026);2026-09-29;Non encore examiné;DLR5L17N52110
169;712 (2025-2026);2026-09-27;Non encore examiné;DLR5L17N52110
170;712 (2025-2026);2026-09-19;Non encore examiné;DLR5L17N52110
171;712 (2025-2026);2026-09-23;Non encore examiné;DLR5L17N52110
172;712 (2025-2026);2026-09-17;Non encore examiné;DLR5L17N52110
173;712 (2025-2026);2026-09-16;Non encore examiné;DLR5L17N52110
174;712 (2025-2026);2026-09-24;Non encore examiné;DLR5L17N52110
175;712 (2025-2026);2026-09-25;Non encore examiné;DLR5L17N52110
176;712 (2025-2026);2026-09-21;Non encore examiné;DLR5L17N52110
177;712 (2025-2026);2026-09-20;Non encore examiné;DLR5L17N52110
178;712 (2025-2026);2026-09-20;Non encore examiné;DLR5L17N52110
179;712 (2025-2026);2026-09-26;Non encore examiné;DLR5L17N52110
180;712 (2025-2026);2026-09-20;Non encore examiné;DLR5L17N52110
181;712 (2025-2026);2026-09-19;Non encore examiné;DLR5L17N52110
182;712 (2025-2026);2026-09-19;Non encore examiné;DLR5L17N52110
183;712 (2025-2026);2026-09-20;Non encore examiné;DLR5L17N52110
184;712 (2025-2026);2026-09-23;Non encore examiné;DLR5L17N52110
185;712 (2025-2026);2026-09-18;Non encore examiné;DLR5L17N52110
186;712 (2025-2026);2026-09-21;Non encore examiné;DLR5L17N52110
187;712 (2025-2026);2026-09-17;Non encore examiné;DLR5L17N52110
188;712 (2025-2026);2026-09-25;Non encore examiné;DLR5L17N52110
189;712 (2025-2026);2026-09-18;Non encore examiné;DLR5L17N52110
190;712 (2025-2026);2026-09-16;Non encore examiné;DLR5L17N52110
191;712 (2025-2026);2026-09-20;Non encore examiné;DLR5L17N52110
192;712 (2025-2026);2026-09-20;Non encore examiné;DLR5L17N52110
193;712 (2025-2026);2026-09-17;Non encore examiné;DLR5L17N52110
194;712 (2025-2026);2026-09-17;Non encore examiné;DLR5L17N52110
195;712 (2025-2026);2026-09-21;Non encore examiné;DLR5L17N52110
196;712 (2025-2026);2026-09-16;Non encore examiné;DLR5L17N52110
197;712 (2025-2026);2026-09-21;Non encore examiné;DLR5L17N52110
198;712 (2025-2026);2026-09-16;Non encore examiné;DLR5L17N52110
199;712 (2025-2026);2026-09-23;Non encore examiné;DLR5L17N52110
200;712 (2025-2026);2026-09-26;Non encore examiné;DLR5L17N52110
201;712 (2025-2026);2026-09-17;Non encore examiné;DLR5L17N52110
202;712 (2025-2026);2026-09-21;Non encore examiné;DLR5L17N52110
203;712 (2025-2026);2026-09-19;Non encore examiné;DLR5L17N52110
204;712 (2025-2026);2026-09-23;Non encore examiné;DLR5L17N52110
205;712 (2025-2026);2026-09-19;Non encore examiné;DLR5L17N52110
206;712 (2025-2026);2026-09-19;Non encore examiné;DLR5L17N52110
207;712 (2025-2026);2026-09-16;Non encore examiné;DLR5L17N52110
208;712 (2025-2026);2026-09-22;Non encore examiné;DLR5L17N52110
209;712 (2025-2026);2026-09-29;Non encore examiné;DLR5L17N52110
210;712 (2025-2026);2026-09-20;Non encore examiné;DLR5L17N52110
211;712 (2025-2026);2026-09-22;Non encore examiné;DLR5L17N52110
212;712 (2025-2026);2026-09-23;Non encore examiné;DLR5L17N52110
213;712 (2025-2026);2026-09-20;Non encore examiné;DLR5L17N52110
214;712 (2025-2026);2026-09-17;Non encore examiné;DLR5L17N52110
1;688 (2025-2026);2026-09-19;Non encore examiné;DLR5L17N52004
2;688 (2025-2026);2026-09-24;Non encore examiné;DLR5L17N52004
3;688 (2025-2026);2026-09-20;Non encore examiné;DLR5L17N52004
4;688 (2025-2026);2026-09-23;Non encore examiné;DLR5L17N52004
5;688 (2025-2026);2026-09-24;Non encore examiné;DLR5L17N52004
6;688 (2025-2026);2026-09-15;Non encore examiné;DLR5L17N52004
7;688 (2025-2026);2026-09-25;Non encore examiné;DLR5L17N52004
8;688 (2025-2026);2026-09-22;Non encore examiné;DLR5L17N52004
9;688 (2025-2026);2026-09-25;Non encore examiné;DLR5L17N52004
10;688 (2025-2026);2026-09-23;Non encore examiné;DLR5L17N52004
11;688 (2025-2026);2026-09-19;Non encore examiné;DLR5L17N52004
12;688 (2025-2026);2026-09-23;Non encore examiné;DLR5L17N52004
13;688 (2025-2026);2026-09-22;Non encore examiné;DLR5L17N52004
14;688 (2025-2026);2026-09-14;Non encore examiné;DLR5L17N52004
15;688 (2025-2026);2026-09-14;Non encore examiné;DLR5L17N52004
16;688 (2025-2026);2026-09-23;Non encore examiné;DLR5L17N52004
17;688 (2025-2026);2026-09-19;Non encore examiné;DLR5L17N52004
18;688 (2025-2026);2026-09-16;Non encore examiné;DLR5L17N52004
19;688 (2025-2026);2026-09-16;Non encore examiné;DLR5L17N52004
20;688 (2025-2026);2026-09-24;Non encore examiné;DLR5L17N52004
21;688 (2025-2026);2026-09-18;Non encore examiné;DLR5L17N52004
22;688 (2025-2026);2026-09-19;Non encore examiné;DLR5L17N52004
23;688 (2025-2026);2026-09-10;Non encore examiné;DLR5L17N52004
24;688 (2025-2026);2026-09-17;Non encore examiné;DLR5L17N52004
25;688 (2025-2026);2026-09-25;Non encore examiné;DLR5L17N52004
26;688 (2025-2026);2026-09-24;Non encore examiné;DLR5L17N52004
27;688 (2025-2026);2026-09-18;Non encore examiné;DLR5L17N52004
28;688 (2025-2026);2026-09-25;Non encore examiné;DLR5L17N52004
29;688 (2025-2026);2026-09-13;Non encore examiné;DLR5L17N52004
30;688 (2025-2026);2026-09-19;Non encore examiné;DLR5L17N52004
31;688 (2025-2026);2026-09-12;Non encore examiné;DLR5L17N52004
32;688 (2025-2026);2026-09-23;Non encore examiné;DLR5L17N52004
33;688 (2025-2026);2026-09-16;Non encore examiné;DLR5L17N52004
34;688 (2025-2026);2026-09-25;Non encore examiné;DLR5L17N52004
35;688 (2025-2026);2026-09-14;Non encore examiné;DLR5L17N52004
36;688 (2025-2026);2026-09-25;Non encore examiné;DLR5L17N52004
37;688 (2025-2026);2026-09-19;Non encore examiné;DLR5L17N52004
38;688 (2025-2026);2026-09-21;Non encore examiné;DLR5L17N52004
39;688 (2025-2026);2026-09-18;Non encore examiné;DLR5L17N52004
40;688 (2025-2026);2026-09-23;Non encore examiné;DLR5L17N52004
41;688 (2025-2026);2026-09-24;Non encore examiné;DLR5L17N52004
42;688 (2025-2026);2026-09-23;Non encore examiné;DLR5L17N52004
43;688 (2025-2026);2026-09-12;Non encore examiné;DLR5L17N52004
44;688 (2025-2026);2026-09-23;Non encore examiné;DLR5L17N52004
45;688 (2025-2026);2026-09-23;Non encore examiné;DLR5L17N52004
46;688 (2025-2026);2026-09-18;Non encore examiné;DLR5L17N52004
47;688 (2025-2026);2026-09-22;Non encore examiné;DLR5L17N52004
48;688 (2025-2026);2026-09-15;Non encore examiné;DLR5L17N52004
49;688 (2025-2026);2026-09-20;Non encore examiné;DLR5L17N52004
50;688 (2025-2026);2026-09-10;Non encore examiné;DLR5L17N52004
51;688 (2025-2026);2026-09-11;Non encore examiné;DLR5L17N52004
52;688 (2025-2026);2026-09-23;Non encore examiné;DLR5L17N52004
53;688 (2025-2026);2026-09-11;Non encore examiné;DLR5L17N52004
54;688 (2025-2026);2026-09-23;Non encore examiné;DLR5L17N52004
55;688 (2025-2026);2026-09-11;Non encore examiné;DLR5L17N52004
56;688 (2025-2026);2026-09-20;Non encore examiné;DLR5L17N52004
57;688 (2025-2026);2026-09-11;Non encore examiné;DLR5L17N52004
58;688 (2025-2026);2026-09-18;Non encore examiné;DLR5L17N52004
59;688 (2025-2026);2026-09-11;Non encore examiné;DLR5L17N52004
60;688 (2025-2026);2026-09-19;Non encore examiné;DLR5L17N52004
61;688 (2025-2026);2026-09-14;Non encore examiné;DLR5L17N52004
62;688 (2025-2026);2026-09-15;Non encore examiné;DLR5L17N52004
63;688 (2025-2026);2026-09-25;Non encore examiné;DLR5L17N52004
64;688 (2025-2026);2026-09-11;Non encore examiné;DLR5L17N52004
65;688 (2025-2026);2026-09-10;Non encore examiné;DLR5L17N52004
66;688 (2025-2026);2026-09-24;Non encore examiné;DLR5L17N52004
67;688 (2025-2026);2026-09-19;Non encore examiné;DLR5L17N52004
68;688 (2025-2026);2026-09-19;Non encore examiné;DLR5L17N52004
69;688 (2025-2026);2026-09-20;Non encore examiné;DLR5L17N52004
70;688 (2025-2026);2026-09-22;Non encore examiné;DLR5L17N52004
71;688 (2025-2026);2026-09-20;Non encore examiné;DLR5L17N52004
72;688 (2025-2026);2026-09-16;Non encore examiné;DLR5L17N52004
73;688 (2025-2026);2026-09-13;Non encore examiné;DLR5L17N52004
74;688 (2025-2026);2026-09-17;Non encore examiné;DLR5L17N52004
75;688 (2025-2026);2026-09-12;Non encore examiné;DLR5L17N52004
76;688 (2025-2026);2026-09-14;Non encore examiné;DLR5L17N52004
77;688 (2025-2026);2026-09-12;Non encore examiné;DLR5L17N52004
78;688 (2025-2026);2026-09-12;Non encore examiné;DLR5L17N52004
79;688 (2025-2026);2026-09-15;Non encore examiné;DLR5L17N52004
80;688 (2025-2026);2026-09-23;Non encore examiné;DLR5L17N52004
81;688 (2025-2026);2026-09-21;Non encore examiné;DLR5L17N52004
82;688 (2025-2026);2026-09-25;Non encore examiné;DLR5L17N52004
83;688 (2025-2026);2026-09-19;Non encore examiné;DLR5L17N52004
84;688 (2025-2026);2026-09-22;Non encore examiné;DLR5L17N52004
85;688 (2025-2026);2026-09-14;Non encore examiné;DLR5L17N52004
86;688 (2025-2026);2026-09-17;Non encore examiné;DLR5L17N52004
87;688 (2025-2026);2026-09-25;Non encore examiné;DLR5L17N52004
88;688 (2025-2026);2026-09-10;Non encore examiné;DLR5L17N52004
89;688 (2025-2026);2026-09-25;Non encore examiné;DLR5L17N52004
90;688 (2025-2026);2026-09-12;Non encore examiné;DLR5L17N52004
91;688 (2025-2026);2026-09-15;Non encore examiné;DLR5L17N52004
92;688 (2025-2026);2026-09-15;Non encore examiné;DLR5L17N52004
93;688 (2025-2026);2026-09-19;Non encore examiné;DLR5L17N52004
94;688 (2025-2026);2026-09-24;Non encore examiné;DLR5L17N52004
95;688 (2025-2026);2026-09-18;Non encore examiné;DLR5L17N52004
96;688 (2025-2026);2026-09-19;Non encore examiné;DLR5L17N52004
